Row,DeepSeek,GPT,Gemini,Gemma,Llama,codeLlama,Mixtral,Qwen
Android_21048,0,0,1,0,1,0,0,1
Android_22345,0,0,1,1,0,0,0,0
Android_21527,0,0,1,1,1,0,0,0
Android_14746,0,0,1,1,1,0,0,1
Android_22313,0,1,1,0,0,0,0,0
Android_14395,1,1,1,1,1,0,0,0
Android_18698,1,1,1,0,0,0,0,0
Android_21505,0,0,1,1,1,0,0,0
Android_15404,1,0,1,1,0,0,0,1
Android_15367,1,0,1,0,0,0,0,1
Android_23554,0,0,1,1,0,0,0,1
Android_11817,1,1,1,1,1,0,0,1
Android_23810,1,1,1,1,0,0,0,1
Android_22071,0,0,1,1,0,0,0,0
Android_23670,0,0,1,1,0,0,0,0
Android_16931,0,0,1,1,0,0,0,1
Android_15977,1,1,1,1,0,0,0,1
Android_16302,1,0,1,1,0,0,0,0
Android_18726,1,1,1,0,0,0,0,0
Android_20238,0,0,1,1,1,0,0,0
Android_11512,1,1,1,1,1,0,0,1
Android_15690,1,1,1,1,0,0,0,1
Android_13772,0,0,1,1,0,0,0,0
Android_12770,0,0,1,0,1,0,0,0
Android_24098,1,1,1,1,0,0,0,1
Android_20854,0,1,1,0,0,0,0,1
Android_16937,1,1,1,1,1,0,0,1
Android_18362,1,1,1,1,1,0,0,0
Android_24210,1,1,1,1,0,0,0,1
Android_12211,1,0,1,1,0,0,0,0
Android_20170,0,1,1,1,0,0,0,1
Android_22675,1,1,1,1,0,0,0,1
Android_18597,0,1,1,1,1,0,0,0
Android_8657,1,0,1,1,1,0,0,1
Android_10873,1,1,1,1,0,0,0,0
Android_23611,1,0,1,1,0,0,0,0
Android_12479,1,1,1,1,1,0,0,0
Android_19496,0,0,1,1,0,0,0,1
Android_22348,0,0,1,1,0,0,0,0
Android_13540,1,1,1,1,0,0,0,1
Android_23091,1,1,1,1,0,0,0,1
Android_15742,0,0,1,1,0,0,0,0
Android_19277,0,0,1,1,0,0,0,0
Android_16299,1,0,1,1,0,0,0,1
Android_22639,1,1,1,1,0,0,0,0
Android_15975,0,0,1,1,1,0,0,1
Android_12353,1,1,1,1,0,0,0,1
Android_21414,1,1,1,1,1,0,0,1
Android_21660,0,0,1,1,1,0,0,0
Android_8697,1,1,1,1,0,0,0,1
Android_17542,0,0,1,0,0,0,0,1
Android_21685,0,0,1,0,0,0,0,0
Android_31451,1,1,1,0,0,0,0,0
Android_8313,1,1,1,1,0,0,0,1
Android_22491,0,0,1,1,1,0,0,0
Android_15079,0,1,1,1,0,0,0,1
Android_20956,0,0,1,1,0,0,0,0
Android_22039,1,1,1,1,0,0,0,1
Android_20848,1,1,1,1,1,0,0,0
Android_20563,1,0,1,1,0,0,0,0
Android_20861,1,1,1,1,1,0,0,0
Android_20881,0,0,1,1,0,0,0,0
Android_21607,1,1,1,0,0,0,0,1
Android_22764,1,1,1,0,0,0,0,0
Android_16730,1,1,1,0,1,0,0,1
Android_23746,1,1,1,1,0,0,0,1
Android_16850,0,1,1,1,1,0,0,1
Android_13604,0,0,1,1,0,0,0,0
Android_21991,0,0,1,1,0,0,0,0
Android_18879,1,0,1,1,0,0,0,0
Android_22228,1,1,1,1,0,0,0,1
Android_20855,1,1,1,1,1,0,0,1
Android_16709,1,0,1,1,0,0,0,0
Android_24261,0,1,1,0,0,0,0,0
Android_16556,1,1,1,1,1,0,0,1
Android_22386,1,1,1,1,0,0,0,1
Android_14532,0,0,1,1,0,0,0,0
Android_9449,1,1,1,1,0,0,0,0
Android_17210,1,1,1,1,0,0,0,1
Android_24271,0,0,1,1,1,0,0,0
Android_20473,1,1,1,0,0,0,0,0
Android_11834,1,1,1,1,0,0,0,1
Android_11810,1,1,1,1,0,0,0,1
Android_23528,1,0,1,1,0,0,0,0
Android_22721,1,1,1,1,1,0,0,0
Android_12712,0,0,1,1,0,0,0,0
Android_18577,1,1,1,0,0,0,0,0
Android_14311,1,1,1,1,1,0,0,1
Android_24069,1,1,1,1,1,0,0,0
Android_14728,1,1,1,1,0,0,0,1
Android_23372,1,1,1,1,0,0,0,0
Android_14807,1,1,1,0,1,0,0,0
Android_23519,1,1,1,1,0,0,0,1
Android_15519,0,0,1,1,0,0,0,0
Android_10979,1,1,1,1,0,0,0,1
Android_15095,0,1,1,1,0,0,0,1
Android_21985,0,0,1,1,0,0,0,0
Android_15840,1,1,1,1,1,0,0,1
Android_14110,1,0,1,1,0,0,0,0
Android_22624,1,1,1,1,0,0,0,0
Android_20302,1,1,1,1,0,0,0,0
Android_22018,0,1,1,0,0,0,0,0
Android_11375,1,0,1,1,0,0,0,0
Android_16457,0,1,1,0,1,0,0,0
Android_11062,1,1,1,1,0,0,0,1
Android_23086,0,1,1,1,1,0,0,1
Android_14538,1,0,1,1,0,0,0,0
Android_17480,0,0,1,1,0,0,0,0
Android_22743,0,0,1,1,1,0,0,0
Android_23845,1,1,1,1,0,0,0,0
Android_15509,0,0,1,1,0,0,0,0
Android_16193,0,0,1,1,0,0,0,0
Android_23042,1,1,1,1,1,0,0,0
Android_15581,1,1,1,1,0,0,0,0
Android_19379,0,1,1,1,0,0,0,0
Android_9737,1,1,1,1,1,0,0,1
Android_8662,0,0,1,1,0,0,0,1
Android_15685,0,0,1,0,0,0,0,0
Android_24299,1,1,1,1,1,0,0,0
Android_21103,1,1,1,1,1,0,0,1
Android_23156,1,1,1,1,0,0,0,1
Android_16938,1,1,1,1,1,0,0,1
Android_22766,1,1,1,1,0,0,0,1
Android_23797,1,1,1,1,0,0,0,1
Android_20620,0,1,1,1,0,0,0,1
Android_23512,1,1,1,0,0,0,0,0
Android_21089,0,0,1,1,0,0,0,0
Android_23680,1,0,1,0,1,0,0,1
Android_21793,1,1,1,1,0,0,0,1
Android_14121,1,1,1,1,0,0,0,1
Android_15584,0,0,1,1,0,0,0,0
Android_13025,0,1,1,0,0,0,0,0
Android_16107,0,1,1,0,1,0,0,1
Android_14432,1,1,1,0,1,0,0,1
Android_15504,0,1,1,1,0,0,0,1
Android_14393,1,1,1,1,0,0,0,1
Android_16806,1,1,1,1,0,0,0,1
Android_10852,1,1,1,1,0,0,0,1
Android_21658,1,0,1,1,0,0,0,0
Android_31015,1,1,1,1,0,0,0,0
Android_24175,0,0,1,0,0,0,0,0
Android_23126,0,1,1,1,0,0,0,0
Android_18903,0,1,1,1,0,0,0,1
Android_17050,1,0,1,1,0,0,0,1
Android_14087,1,1,1,1,1,0,0,0
Android_22859,1,1,1,1,1,0,0,1
Android_14837,1,0,1,0,0,0,0,0
Android_19306,0,1,1,1,0,0,0,0
Android_12200,0,0,1,1,0,0,0,1
Android_20716,1,0,1,1,0,0,0,1
Android_20965,0,0,1,1,0,0,0,1
Android_12730,0,0,1,1,0,0,0,1
Android_23268,1,1,1,1,0,0,0,1
Android_12563,0,0,1,1,0,0,0,1
Android_21898,0,1,1,1,1,0,0,0
Android_22788,1,1,1,1,1,0,0,1
Android_18975,1,1,1,1,0,0,0,1
Android_20204,0,0,1,0,0,0,0,0
Android_22392,1,0,1,1,0,0,0,1
Android_17509,1,1,1,1,0,0,0,0
Android_22457,1,1,1,1,0,0,0,0
Android_13386,1,1,1,1,1,0,0,1
Android_17272,0,0,1,1,1,0,0,0
Android_18911,1,1,1,1,1,0,0,1
Android_14431,1,1,1,1,1,0,0,0
Android_12918,0,0,1,1,0,0,0,1
Android_11498,1,1,1,1,1,0,0,1
Android_23643,1,1,1,1,0,0,0,1
Android_12178,0,0,1,1,0,0,0,0
Android_24325,1,0,1,1,0,0,0,0
Android_23267,0,0,1,1,0,0,0,0
Android_10797,1,1,1,1,1,0,0,1
Android_21925,1,1,1,1,1,0,0,1
Android_16616,0,1,1,1,1,0,0,0
Android_23045,1,1,1,0,1,0,0,0
Android_20583,1,0,1,1,0,0,0,0
Android_20172,1,1,1,1,0,0,0,1
Android_22202,1,1,1,1,0,0,0,0
Android_22206,1,1,1,1,0,0,0,1
Android_22857,1,1,1,1,0,0,0,1
Android_20622,1,1,1,1,1,0,0,1
Android_10505,1,1,1,1,1,0,0,1
Android_16910,1,0,1,1,1,0,0,1
Android_9071,1,1,1,1,1,0,0,1
Android_13924,1,1,1,1,0,0,0,0
Android_14276,1,1,1,1,1,0,0,1
Android_19234,1,1,1,1,1,0,0,1
Android_20260,0,0,1,0,0,0,0,0
Android_789,1,1,1,1,0,0,0,1
Android_22567,0,0,1,1,0,0,0,0
Android_12132,1,1,1,1,0,0,0,1
Android_17224,1,1,1,0,1,0,0,0
Android_17481,1,1,1,1,1,0,0,1
Android_14841,1,1,1,0,0,0,0,0
Android_15990,1,1,1,0,0,0,0,0
Android_18708,1,1,1,0,1,0,0,0
Android_20632,0,0,1,1,0,0,0,0
Android_20798,1,0,1,1,0,0,0,0
Android_10744,1,1,1,1,0,0,0,1
Android_20953,1,1,1,1,0,0,0,1
Android_14724,1,1,1,1,1,0,0,1
Android_19579,1,1,1,1,1,0,0,0
Android_19348,0,0,1,0,0,0,0,0
Android_20817,1,1,1,1,1,0,0,1
Android_21913,1,1,1,1,0,0,0,0
Android_20646,1,1,1,0,1,0,0,1
Android_23438,1,0,1,1,0,0,0,0
Android_20085,0,1,1,1,0,0,0,1
Android_1550,0,0,1,1,0,0,0,0
Android_12920,0,1,1,0,0,0,0,1
Android_17232,1,1,1,1,0,0,0,1
Android_14479,1,1,1,1,0,0,0,1
Android_21226,1,1,1,0,0,0,0,0
Android_20218,1,1,1,1,0,0,0,0
Android_18782,0,1,1,0,1,0,0,1
Android_18621,0,1,1,1,0,0,0,0
Android_12325,1,1,1,0,0,0,0,1
Android_18989,1,1,1,1,0,0,0,1
Android_13053,1,1,1,1,1,0,0,1
Android_18560,1,1,1,1,0,0,0,1
Android_20865,1,1,1,0,0,0,0,1
OpenStack_1249,1,1,1,0,0,0,0,0
OpenStack_1111,0,0,1,1,0,0,0,0
OpenStack_6046,0,1,1,1,1,0,0,1
OpenStack_655,0,0,1,0,0,0,0,0
OpenStack_5812,1,1,1,1,0,0,0,0
OpenStack_7869,0,1,1,0,1,0,0,1
OpenStack_1535,0,0,1,0,0,0,0,0
OpenStack_5528,1,1,1,1,1,0,0,0
OpenStack_508,1,1,1,0,1,0,0,0
OpenStack_943,0,0,1,1,1,0,0,0
OpenStack_6305,0,1,1,1,0,0,0,0
OpenStack_4695,1,1,1,0,1,0,0,1
OpenStack_7214,0,0,1,0,0,0,0,0
OpenStack_5899,0,0,1,1,0,0,0,0
OpenStack_2432,1,1,1,0,0,0,0,1
OpenStack_4072,1,1,1,0,0,0,0,0
OpenStack_222,1,1,1,0,0,0,0,1
OpenStack_4854,1,1,1,0,0,0,0,1
OpenStack_6333,1,1,1,0,1,0,0,0
OpenStack_5158,0,0,1,0,0,0,0,1
OpenStack_3951,1,1,1,0,1,0,0,1
OpenStack_2446,0,0,1,1,0,0,0,0
OpenStack_6709,1,1,1,0,0,0,0,0
OpenStack_899,0,0,1,1,1,0,0,0
OpenStack_3832,1,0,1,1,0,0,0,1
OpenStack_3795,1,1,1,0,0,0,0,1
OpenStack_6847,0,0,1,0,0,0,0,0
OpenStack_4093,1,1,1,0,1,0,0,0
OpenStack_5050,0,1,1,0,0,0,0,0
OpenStack_6736,1,0,1,0,0,0,0,1
OpenStack_4696,0,0,1,0,1,0,0,0
OpenStack_244,1,1,1,0,1,0,0,0
OpenStack_2089,1,0,1,0,0,0,0,0
OpenStack_1317,0,1,1,0,0,0,0,0
OpenStack_2069,1,1,1,1,1,0,0,1
OpenStack_2942,1,1,1,0,0,0,0,1
OpenStack_4119,1,1,1,1,0,0,0,0
OpenStack_5458,1,1,1,1,0,0,0,0
OpenStack_7567,1,1,1,1,1,0,0,1
OpenStack_5692,1,0,1,1,0,0,0,0
OpenStack_6967,1,1,1,1,1,0,0,0
OpenStack_4573,1,1,1,1,0,0,0,0
OpenStack_4948,0,1,1,0,0,0,0,1
OpenStack_6893,1,0,1,1,1,0,0,0
OpenStack_3971,1,1,1,0,1,0,0,0
OpenStack_2051,1,1,1,0,0,0,0,0
OpenStack_4298,0,0,1,0,0,0,0,0
OpenStack_4106,1,0,1,0,0,0,0,0
OpenStack_4374,0,1,1,1,1,0,0,1
OpenStack_5030,1,1,1,1,1,0,0,0
OpenStack_5193,1,1,1,1,1,0,0,1
OpenStack_3638,1,0,1,1,1,0,0,0
OpenStack_299,1,1,1,0,0,0,0,1
OpenStack_4982,1,1,1,0,1,0,0,1
OpenStack_6386,1,1,1,0,1,0,0,0
OpenStack_2922,0,1,1,0,1,0,0,1
OpenStack_1032,1,1,1,0,1,0,0,1
OpenStack_4946,1,1,1,1,1,0,0,0
OpenStack_6480,1,1,1,1,1,0,0,1
OpenStack_438,1,1,1,1,0,0,0,1
OpenStack_2292,1,1,1,1,0,0,0,1
OpenStack_1888,1,1,1,1,0,0,0,0
OpenStack_7415,1,1,1,1,1,0,0,0
OpenStack_5178,0,0,1,1,0,0,0,0
OpenStack_6261,1,1,1,1,1,0,0,0
OpenStack_47,0,1,1,0,0,0,0,0
OpenStack_2705,0,0,1,1,1,0,0,0
OpenStack_6411,0,0,1,1,0,0,0,0
OpenStack_7172,1,1,1,0,0,0,0,1
OpenStack_2150,0,1,1,1,0,0,0,0
OpenStack_3068,1,1,1,1,0,0,0,1
OpenStack_4955,0,0,1,0,1,0,0,1
OpenStack_7452,0,1,1,1,0,0,0,1
OpenStack_2569,1,1,1,0,0,0,0,0
OpenStack_1054,1,1,1,1,1,0,0,1
OpenStack_3320,1,1,1,0,1,0,0,0
OpenStack_3194,0,0,1,1,1,0,0,0
OpenStack_2938,1,1,1,0,1,0,0,1
OpenStack_288,0,1,1,0,1,0,0,1
OpenStack_6244,1,1,1,0,0,0,0,0
OpenStack_5882,0,1,1,1,1,0,0,0
OpenStack_4985,1,1,1,1,0,0,0,1
OpenStack_5082,0,0,1,1,0,0,0,1
OpenStack_5491,1,1,1,0,1,0,0,0
OpenStack_3429,1,1,1,1,0,0,0,1
OpenStack_6977,1,1,1,1,0,0,0,0
OpenStack_3352,1,1,1,0,0,0,0,0
OpenStack_1681,0,0,1,1,0,0,0,0
OpenStack_1655,0,1,1,0,1,0,0,1
OpenStack_4756,1,1,1,1,0,0,0,1
OpenStack_4903,1,1,1,0,0,0,0,1
OpenStack_4584,1,1,1,1,0,0,0,0
OpenStack_5113,1,1,1,0,1,0,0,0
OpenStack_7164,0,0,1,0,0,0,0,0
OpenStack_6990,0,1,1,0,0,0,0,1
OpenStack_418,1,1,1,1,1,0,0,1
OpenStack_7332,1,1,1,0,0,0,0,1
OpenStack_5988,1,1,1,1,1,0,0,1
OpenStack_6670,1,1,1,0,0,0,0,0
OpenStack_532,1,1,1,1,0,0,0,1
OpenStack_3200,1,1,1,0,1,0,0,1
OpenStack_6978,1,1,1,0,1,0,0,1
OpenStack_1597,1,1,1,0,1,0,0,0
OpenStack_4858,1,1,1,1,0,0,0,0
OpenStack_2185,1,1,1,0,1,0,0,0
OpenStack_708,1,1,1,0,0,0,0,0
OpenStack_5419,1,1,1,0,0,0,0,0
OpenStack_7414,0,0,1,0,1,0,0,0
OpenStack_6940,0,0,1,1,0,0,0,0
OpenStack_1356,1,1,1,1,1,0,0,1
OpenStack_5688,1,1,1,1,1,0,0,1
OpenStack_7342,1,1,1,0,0,0,0,0
OpenStack_2297,1,1,1,0,1,0,0,1
OpenStack_1449,1,1,1,0,1,0,0,1
OpenStack_6242,1,1,1,1,0,0,0,0
OpenStack_811,0,0,1,0,1,0,0,1
OpenStack_3597,0,0,1,0,0,0,0,0
OpenStack_3119,1,1,1,1,1,0,0,0
OpenStack_7360,0,0,1,0,0,0,0,0
OpenStack_5590,1,1,1,1,1,0,0,0
OpenStack_5769,1,1,1,0,0,0,0,0
OpenStack_867,1,1,1,1,0,0,0,1
OpenStack_2740,0,1,1,0,1,0,0,0
OpenStack_3297,1,1,1,0,1,0,0,0
OpenStack_2802,1,1,1,1,0,0,0,1
OpenStack_4234,0,0,1,1,1,0,0,0
OpenStack_3185,0,0,1,0,0,0,0,0
OpenStack_6329,1,1,1,1,0,0,0,0
OpenStack_443,0,0,1,1,0,0,0,1
OpenStack_289,1,1,1,1,1,0,0,1
OpenStack_2384,0,0,1,1,0,0,0,0
OpenStack_7005,0,1,1,1,1,0,0,0
OpenStack_4768,1,1,1,0,0,0,0,1
OpenStack_5869,1,1,1,0,1,0,0,1
OpenStack_2405,1,1,1,1,1,0,0,1
OpenStack_5862,1,1,1,0,1,0,0,0
OpenStack_4603,1,0,1,0,0,0,0,1
OpenStack_1569,1,1,1,0,0,0,0,1
OpenStack_3422,1,1,1,1,0,0,0,0
OpenStack_7451,1,1,1,0,1,0,0,1
OpenStack_1726,1,0,1,0,0,0,0,0
OpenStack_3926,1,1,1,0,0,0,0,1
OpenStack_2020,1,1,1,0,1,0,0,1
OpenStack_1386,0,0,1,1,1,0,0,0
OpenStack_3927,0,0,1,1,0,0,0,0
OpenStack_5808,1,1,1,1,1,0,0,1
OpenStack_6207,1,1,1,1,1,0,0,0
OpenStack_3361,1,1,1,1,0,0,0,1
OpenStack_423,1,1,1,1,1,0,0,0
OpenStack_5094,1,1,1,1,0,0,0,0
OpenStack_3880,1,1,1,1,0,0,0,1
OpenStack_3700,1,1,1,1,0,0,0,0
OpenStack_1149,1,1,1,0,0,0,0,0
OpenStack_2080,1,1,1,0,1,0,0,0
OpenStack_6767,1,1,1,0,1,0,0,1
OpenStack_1516,1,1,1,1,0,0,0,0
OpenStack_4709,1,1,1,1,0,0,0,1
OpenStack_683,1,1,1,0,1,0,0,1
OpenStack_1316,1,1,1,1,1,0,0,0
OpenStack_1420,1,1,1,1,1,0,0,0
OpenStack_7543,1,1,1,0,1,0,0,0
OpenStack_3315,1,1,1,0,1,0,0,0
OpenStack_424,1,1,1,0,0,0,0,1
OpenStack_4535,1,1,1,0,0,0,0,1
OpenStack_4355,0,0,1,1,1,0,0,0
OpenStack_5829,1,1,1,0,0,0,0,0
OpenStack_6845,1,1,1,0,0,0,0,0
OpenStack_1286,1,1,1,0,0,0,0,0
OpenStack_2066,0,0,1,0,0,0,0,0
OpenStack_3031,1,0,1,1,1,0,0,0
OpenStack_5811,0,1,1,0,0,0,0,1
OpenStack_692,1,1,1,0,0,0,0,0
OpenStack_2979,0,0,1,1,1,0,0,0
OpenStack_6982,1,1,1,1,0,0,0,1
OpenStack_3903,1,1,1,0,0,0,0,0
OpenStack_923,1,1,1,0,1,0,0,0
OpenStack_6685,1,1,1,1,0,0,0,0
OpenStack_3265,1,1,1,0,1,0,0,0
OpenStack_1218,1,1,1,1,0,0,0,0
OpenStack_1256,1,1,1,1,1,0,0,1
OpenStack_6942,0,0,1,0,0,0,0,0
OpenStack_1132,0,0,1,1,1,0,0,1
OpenStack_1628,0,0,1,0,0,0,0,0
OpenStack_7775,0,0,1,1,0,0,0,0
OpenStack_6987,1,1,1,0,0,0,0,0
OpenStack_6817,0,0,1,0,1,0,0,0
OpenStack_4639,1,1,1,1,0,0,0,1
OpenStack_2981,0,1,1,0,0,0,0,0
OpenStack_5818,0,0,1,0,0,0,0,0
OpenStack_7907,0,0,1,0,0,0,0,1
OpenStack_249,1,0,1,0,0,0,0,0
OpenStack_752,1,1,1,0,1,0,0,1
OpenStack_7175,1,1,1,0,1,0,0,0
OpenStack_3983,0,1,1,0,0,0,0,0
OpenStack_2152,0,0,1,0,0,0,0,0
OpenStack_1676,0,0,1,1,1,0,0,1
OpenStack_4783,0,0,1,0,0,0,0,0
OpenStack_5204,1,1,1,1,1,0,0,0
OpenStack_490,1,1,1,0,0,0,0,1
OpenStack_4385,1,1,1,0,1,0,0,0
OpenStack_948,1,0,1,0,0,0,0,0
OpenStack_469,0,0,1,1,0,0,0,0
OpenStack_6100,1,1,1,0,1,0,0,0
OpenStack_1907,0,1,1,0,0,0,0,0
OpenStack_3792,0,0,1,0,0,0,0,1
OpenStack_3660,1,1,1,1,0,0,0,1
OpenStack_4607,0,0,1,1,1,0,0,0
OpenStack_6196,1,1,1,1,1,0,0,0
OpenStack_4473,1,1,1,1,0,0,0,1
OpenStack_1110,1,0,1,1,1,0,0,1
OpenStack_95,0,0,1,0,1,0,0,0
OpenStack_4987,0,0,1,0,0,0,0,1
OpenStack_3506,0,1,1,0,0,0,0,0
OpenStack_6045,1,1,1,1,0,0,0,0
OpenStack_3299,1,1,1,0,0,0,0,0
OpenStack_6012,1,1,1,0,1,0,0,1
OpenStack_6124,1,1,1,0,1,0,0,0
OpenStack_5385,0,0,1,0,1,0,0,1
OpenStack_5695,1,1,1,0,1,0,0,0
OpenStack_4646,1,1,1,0,1,0,0,1
OpenStack_6423,1,1,1,1,0,0,0,0
OpenStack_3323,1,1,1,1,0,0,0,1
OpenStack_1593,1,0,1,0,1,0,0,0
OpenStack_7219,1,1,1,1,0,0,0,1
OpenStack_445,0,1,1,1,0,0,0,1
OpenStack_6968,1,1,1,0,0,0,0,0
OpenStack_1830,1,1,1,1,0,0,0,1
OpenStack_2273,1,1,1,0,0,0,0,0
OpenStack_7096,1,1,1,1,1,0,0,0
OpenStack_7371,1,1,1,1,0,0,0,0
OpenStack_5657,1,1,1,0,0,0,0,1
OpenStack_6034,1,1,1,0,0,0,0,1
OpenStack_6128,0,1,1,1,0,0,0,0
OpenStack_7334,1,1,1,1,1,0,0,1
OpenStack_7529,1,1,1,1,0,0,0,1
OpenStack_2729,1,1,1,0,1,0,0,1
OpenStack_3086,1,1,1,0,0,0,0,1
OpenStack_2513,1,1,1,0,0,0,0,1
OpenStack_985,1,1,1,0,0,0,0,0
OpenStack_5300,0,0,1,1,1,0,0,0
OpenStack_7382,0,0,1,1,1,0,0,1
OpenStack_6452,0,0,1,1,1,0,0,1
OpenStack_1820,0,0,1,0,0,0,0,0
OpenStack_3135,1,1,1,0,0,0,0,0
OpenStack_6492,0,0,1,0,0,0,0,1
OpenStack_241,0,0,1,1,1,0,0,1
OpenStack_5788,1,1,1,0,1,0,0,0
OpenStack_319,0,1,1,0,0,0,0,1
OpenStack_6122,1,1,1,0,0,0,0,1
OpenStack_2674,1,1,1,0,0,0,0,1
OpenStack_1988,1,1,1,0,1,0,0,1
OpenStack_6062,1,1,1,1,0,0,0,1
OpenStack_101,1,0,1,1,0,0,0,1
OpenStack_6047,1,0,1,0,0,0,0,0
OpenStack_1131,0,1,1,0,1,0,0,1
OpenStack_4518,1,1,1,0,0,0,0,1
OpenStack_2960,1,1,1,0,1,0,0,0
OpenStack_2299,1,1,1,0,1,0,0,0
OpenStack_6887,0,0,1,0,0,0,0,0
OpenStack_1952,1,1,1,1,0,0,0,1
OpenStack_1055,1,1,1,1,1,0,0,1
OpenStack_2074,1,1,1,0,0,0,0,0
OpenStack_6917,1,1,1,0,1,0,0,0
OpenStack_5150,0,0,1,1,0,0,0,0
OpenStack_5819,1,1,1,1,0,0,0,1
OpenStack_6834,1,1,1,1,0,0,0,1
OpenStack_5250,1,1,1,1,0,0,0,1
OpenStack_5421,1,1,1,1,1,0,0,1
OpenStack_4255,0,1,1,0,1,0,0,1
OpenStack_729,1,1,1,0,0,0,0,1
OpenStack_6503,1,1,1,1,0,0,0,1
OpenStack_6561,1,1,1,1,0,0,0,1
OpenStack_3564,0,1,1,1,0,0,0,0
OpenStack_4120,1,1,1,0,0,0,0,0
OpenStack_6867,1,1,1,1,0,0,0,1
OpenStack_7699,0,0,1,0,1,0,0,0
OpenStack_7629,0,0,1,0,0,0,0,0
OpenStack_4757,1,1,1,0,0,0,0,0
OpenStack_2093,1,1,1,1,1,0,0,1
OpenStack_340,1,1,1,0,0,0,0,0
OpenStack_2451,0,0,1,1,1,0,0,1
OpenStack_5894,0,1,1,0,1,0,0,1
OpenStack_3915,0,1,1,1,0,0,0,0
OpenStack_4307,1,1,1,1,1,0,0,0
OpenStack_5817,1,1,1,0,0,0,0,1
OpenStack_2278,1,0,1,1,0,0,0,1
OpenStack_2332,1,1,1,0,1,0,0,1
OpenStack_3331,0,0,1,0,0,0,0,0
OpenStack_6571,1,1,1,1,1,0,0,0
OpenStack_6537,1,1,1,1,0,0,0,0
OpenStack_5192,0,0,1,1,1,0,0,0
OpenStack_7532,1,1,1,0,1,0,0,1
OpenStack_903,1,1,1,1,0,0,0,1
OpenStack_3382,1,1,1,0,0,0,0,1
OpenStack_4449,1,1,1,0,1,0,0,0
OpenStack_7187,1,0,1,1,0,0,0,0
OpenStack_5765,1,1,1,1,1,0,0,1
OpenStack_5332,1,1,1,0,0,0,0,0
OpenStack_2956,0,1,1,0,1,0,0,0
OpenStack_5534,1,0,1,0,0,0,0,0
OpenStack_3901,1,1,1,0,0,0,0,0
OpenStack_2397,1,1,1,1,0,0,0,0
OpenStack_3090,0,0,1,1,0,0,0,0
OpenStack_7086,0,0,1,0,0,0,0,0
OpenStack_2992,0,0,1,0,0,0,0,1
OpenStack_3368,0,1,1,0,0,0,0,1
OpenStack_5928,0,1,1,0,0,0,0,0
OpenStack_711,1,1,1,1,1,0,0,1
OpenStack_7879,1,1,1,0,0,0,0,1
OpenStack_3863,1,0,1,0,0,0,0,0
OpenStack_7147,1,1,1,1,1,0,0,1
OpenStack_5536,1,1,1,1,1,0,0,0
OpenStack_3592,0,0,1,0,0,0,0,1
OpenStack_2239,1,1,1,1,0,0,0,1
OpenStack_3304,1,1,1,0,1,0,0,0
OpenStack_1992,0,0,1,0,0,0,0,0
OpenStack_6465,0,1,1,1,0,0,0,0
OpenStack_5944,1,1,1,1,0,0,0,1
OpenStack_330,1,1,1,1,0,0,0,1
OpenStack_3838,1,1,1,0,0,0,0,0
OpenStack_203,1,1,1,1,0,0,0,1
OpenStack_6961,0,0,1,0,0,0,0,0
OpenStack_5701,1,0,1,0,0,0,0,0
OpenStack_1763,0,1,1,0,0,0,0,1
OpenStack_7189,0,0,1,1,1,0,0,0
OpenStack_3451,1,1,1,1,0,0,0,1
OpenStack_709,1,1,1,1,0,0,0,1
OpenStack_840,0,1,1,0,0,0,0,0
OpenStack_4796,0,0,1,1,0,0,0,0
OpenStack_5743,1,1,1,1,0,0,0,1
OpenStack_6383,1,1,1,0,0,0,0,0
OpenStack_6880,1,1,1,0,0,0,0,0
OpenStack_4667,0,1,1,0,0,0,0,0
OpenStack_127,1,1,1,0,1,0,0,0
OpenStack_5468,0,0,1,0,0,0,0,0
OpenStack_3004,1,1,1,0,1,0,0,1
OpenStack_7464,1,1,1,0,1,0,0,0
OpenStack_1059,1,1,1,1,1,0,0,1
OpenStack_7217,1,0,1,1,1,0,0,1
OpenStack_5308,0,0,1,1,1,0,0,1
OpenStack_7240,1,1,1,0,0,0,0,0
OpenStack_621,0,0,1,0,0,0,0,0
OpenStack_3547,1,1,1,0,1,0,0,1
OpenStack_7779,1,0,1,0,0,0,0,1
OpenStack_3020,0,0,1,0,1,0,0,1
OpenStack_1660,1,0,1,1,0,0,0,0
Qt_9539,1,1,1,1,0,0,0,1
Qt_17339,1,1,1,0,1,0,0,0
Qt_26950,1,1,1,1,0,0,0,0
Qt_16397,0,1,1,0,0,0,0,1
Qt_20700,1,1,1,0,1,0,0,1
Qt_3849,0,1,1,0,0,0,0,1
Qt_4604,1,1,1,1,0,0,0,1
Qt_25404,0,0,1,0,0,0,0,0
Qt_7798,0,1,1,1,0,0,0,1
Qt_2439,0,1,1,0,0,0,0,1
Qt_17897,1,0,1,0,0,0,0,1
Qt_17220,0,1,1,0,0,0,0,0
Qt_2671,0,1,1,0,0,0,0,0
Qt_19388,1,1,1,1,0,0,0,0
Qt_16861,1,1,1,1,0,0,0,0
Qt_2258,1,1,1,0,0,0,0,0
Qt_2485,1,1,1,1,1,0,0,0
Qt_6269,0,0,1,0,0,0,0,0
Qt_24593,1,1,1,1,0,0,0,0
Qt_19210,1,1,1,1,0,0,0,1
Qt_17655,0,0,1,1,0,0,0,0
Qt_24970,0,1,1,0,0,0,0,1
Qt_12965,1,1,1,1,0,0,0,0
Qt_24657,1,1,1,0,0,0,0,1
Qt_19690,1,1,1,0,0,0,0,0
Qt_11665,1,1,1,1,0,0,0,1
Qt_18629,1,0,1,0,1,0,0,0
Qt_17983,1,1,1,1,1,0,0,1
Qt_24665,1,1,1,1,1,0,0,1
Qt_23674,0,1,1,0,0,0,0,0
Qt_14504,1,1,1,0,0,0,0,0
Qt_6157,1,1,1,0,0,0,0,1
Qt_11524,1,1,1,1,0,0,0,1
Qt_7814,0,1,1,1,0,0,0,1
Qt_19266,0,0,1,1,0,0,0,0
Qt_24611,0,1,1,1,1,0,0,1
Qt_21932,1,1,1,1,1,0,0,0
Qt_15045,1,1,1,1,0,0,0,0
Qt_15400,1,1,1,0,0,0,0,0
Qt_16880,0,0,1,0,0,0,0,0
Qt_11067,1,0,1,0,0,0,0,1
Qt_19041,0,1,1,0,0,0,0,0
Qt_15514,1,1,1,1,0,0,0,0
Qt_20883,1,1,1,0,0,0,0,0
Qt_25199,1,1,1,0,1,0,0,0
Qt_20901,0,0,1,0,0,0,0,1
Qt_2721,1,1,1,1,1,0,0,1
Qt_13370,1,0,1,1,0,0,0,0
Qt_2830,0,0,1,1,0,0,0,1
Qt_4674,0,0,1,0,0,0,0,1
Qt_21212,0,1,1,0,0,0,0,1
Qt_1127,0,0,1,1,0,0,0,0
Qt_19526,1,1,1,0,0,0,0,0
Qt_369,1,0,1,0,0,0,0,0
Qt_19247,1,0,1,1,0,0,0,0
Qt_2125,1,1,1,0,0,0,0,0
Qt_17591,1,1,1,0,0,0,0,1
Qt_9855,0,1,1,0,1,0,0,0
Qt_11406,1,1,1,0,1,0,0,0
Qt_26184,1,1,1,0,1,0,0,1
Qt_5056,0,0,1,1,0,0,0,0
Qt_10937,1,0,1,0,0,0,0,0
Qt_2177,0,1,1,1,1,0,0,1
Qt_15541,1,1,1,1,0,0,0,1
Qt_13205,1,1,1,1,1,0,0,1
Qt_6820,1,1,1,1,0,0,0,1
Qt_19545,1,0,1,0,0,0,0,0
Qt_2419,1,1,1,0,0,0,0,1
Qt_17620,1,1,1,1,0,0,0,1
Qt_9918,0,1,1,0,0,0,0,0
Qt_19849,1,1,1,1,1,0,0,1
Qt_3936,1,1,1,0,0,0,0,0
Qt_532,0,0,1,1,0,0,0,0
Qt_15329,0,0,1,0,0,0,0,0
Qt_17096,1,1,1,1,0,0,0,1
Qt_1303,1,1,1,1,1,0,0,1
Qt_1257,1,1,1,1,1,0,0,1
Qt_19779,1,1,1,0,0,0,0,1
Qt_18598,1,1,1,1,0,0,0,1
Qt_3382,1,1,1,0,1,0,0,0
Qt_13592,1,1,1,0,1,0,0,1
Qt_17979,1,1,1,0,1,0,0,0
Qt_7548,1,1,1,0,1,0,0,1
Qt_10512,0,0,1,0,0,0,0,0
Qt_606,1,1,1,0,0,0,0,1
Qt_24282,0,1,1,0,0,0,0,0
Qt_11991,0,0,1,0,0,0,0,0
Qt_18330,1,1,1,1,1,0,0,1
Qt_20575,0,0,1,1,0,0,0,0
Qt_13772,1,1,1,1,0,0,0,1
Qt_4682,1,1,1,1,1,0,0,1
Qt_4082,1,1,1,0,0,0,0,0
Qt_12017,1,1,1,0,0,0,0,1
Qt_13060,1,1,1,0,1,0,0,0
Qt_11027,1,1,1,0,1,0,0,0
Qt_18444,0,1,1,0,0,0,0,0
Qt_1132,0,0,1,0,0,0,0,1
Qt_21530,1,1,1,1,1,0,0,0
Qt_15336,1,1,1,0,1,0,0,1
Qt_24137,1,0,1,0,0,0,0,1
Qt_18258,0,0,1,0,0,0,0,0
Qt_7513,0,0,1,0,0,0,0,0
Qt_3230,1,0,1,0,0,0,0,1
Qt_17554,1,1,1,0,1,0,0,0
Qt_24402,0,0,1,1,0,0,0,1
Qt_9840,1,1,1,0,0,0,0,0
Qt_5413,0,1,1,0,1,0,0,1
Qt_22706,0,0,1,0,0,0,0,1
Qt_6545,1,1,1,0,0,0,0,1
Qt_9313,1,1,1,0,1,0,0,1
Qt_7382,0,0,1,1,0,0,0,0
Qt_12985,0,0,1,1,1,0,0,0
Qt_13790,0,1,1,0,0,0,0,0
Qt_21680,1,1,1,0,0,0,0,1
Qt_9233,1,1,1,1,0,0,0,1
Qt_11818,1,1,1,1,0,0,0,0
Qt_1400,0,1,1,0,0,0,0,0
Qt_18289,1,1,1,1,0,0,0,1
Qt_24728,0,0,1,1,0,0,0,0
Qt_6260,0,0,1,0,0,0,0,0
Qt_2812,1,1,1,1,0,0,0,0
Qt_20401,1,1,1,1,0,0,0,0
Qt_19944,1,1,1,1,0,0,0,0
Qt_5534,0,0,1,0,0,0,0,1
Qt_10867,1,1,1,0,1,0,0,1
Qt_17594,0,0,1,0,1,0,0,0
Qt_11966,0,0,1,0,0,0,0,1
Qt_24245,1,1,1,1,1,0,0,1
Qt_5599,1,1,1,1,1,0,0,1
Qt_21060,0,0,1,0,0,0,0,0
Qt_22224,1,1,1,0,0,0,0,0
Qt_12527,1,1,1,1,0,0,0,0
Qt_13356,0,0,1,1,0,0,0,0
Qt_8716,1,1,1,0,1,0,0,1
Qt_20785,0,0,1,1,0,0,0,0
Qt_11141,1,1,1,0,0,0,0,1
Qt_7521,1,1,1,0,1,0,0,1
Qt_19311,1,1,1,1,0,0,0,0
Qt_18726,1,1,1,1,1,0,0,1
Qt_6671,0,0,1,0,0,0,0,0
Qt_11931,1,1,1,0,1,0,0,1
Qt_6188,1,1,1,0,1,0,0,1
Qt_25473,0,0,1,0,0,0,0,1
Qt_690,0,0,1,0,0,0,0,0
Qt_15972,1,1,1,0,0,0,0,0
Qt_8572,1,0,1,0,0,0,0,0
Qt_8246,1,1,1,1,0,0,0,1
Qt_14898,1,1,1,0,0,0,0,0
Qt_15368,1,1,1,0,1,0,0,0
Qt_7811,0,1,1,0,0,0,0,0
Qt_9620,1,1,1,0,1,0,0,1
Qt_6144,1,0,1,1,0,0,0,0
Qt_187,1,1,1,0,1,0,0,0
Qt_14612,1,1,1,1,0,0,0,1
Qt_2789,1,1,1,1,0,0,0,1
Qt_17826,1,1,1,1,0,0,0,1
Qt_18977,1,1,1,0,0,0,0,1
Qt_19484,1,0,1,0,1,0,0,1
Qt_15646,1,1,1,1,0,0,0,0
Qt_5432,1,0,1,1,1,0,0,1
Qt_13240,1,1,1,1,0,0,0,1
Qt_20277,1,1,1,1,1,0,0,0
Qt_10371,1,0,1,0,0,0,0,0
Qt_110,1,1,1,1,0,0,0,0
Qt_22155,0,0,1,0,0,0,0,0
Qt_9021,1,1,1,1,0,0,0,0
Qt_12514,0,1,1,0,0,0,0,0
Qt_20585,0,0,1,1,0,0,0,0
Qt_5132,0,0,1,0,0,0,0,1
Qt_19051,1,1,1,1,0,0,0,0
Qt_20556,1,1,1,0,0,0,0,1
Qt_24210,1,1,1,1,0,0,0,1
Qt_18482,1,1,1,0,0,0,0,1
Qt_10746,0,0,1,0,0,0,0,0
Qt_7098,1,1,1,0,1,0,0,1
Qt_7136,1,1,1,0,0,0,0,1
Qt_26745,0,0,1,0,0,0,0,0
Qt_21481,0,0,1,0,1,0,0,0
Qt_8721,0,0,1,1,1,0,0,1
Qt_8306,1,1,1,0,1,0,0,0
Qt_10020,1,1,1,1,1,0,0,1
Qt_12295,0,0,1,1,1,0,0,0
Qt_8328,1,0,1,1,0,0,0,1
Qt_13585,1,1,1,0,1,0,0,1
Qt_22418,0,0,1,0,0,0,0,0
Qt_2460,1,1,1,0,0,0,0,0
Qt_516,1,1,1,1,0,0,0,1
Qt_5973,1,1,1,1,0,0,0,1
Qt_3963,1,0,1,0,1,0,0,1
Qt_16502,1,1,1,0,1,0,0,0
Qt_15463,1,1,1,1,0,0,0,0
Qt_18288,1,1,1,0,0,0,0,1
Qt_9765,0,1,1,0,0,0,0,1
Qt_23783,1,1,1,1,1,0,0,1
Qt_5930,1,1,1,1,1,0,0,1
Qt_11860,0,0,1,0,1,0,0,0
Qt_9079,0,0,1,0,0,0,0,1
Qt_9562,0,0,1,0,0,0,0,0
Qt_4147,1,1,1,1,1,0,0,1
Qt_8535,1,1,1,0,0,0,0,0
Qt_14489,1,1,1,0,1,0,0,1
Qt_8497,1,1,1,0,0,0,0,0
Qt_13717,1,1,1,1,0,0,0,0
Qt_4739,0,1,1,0,1,0,0,1
Qt_11517,1,1,1,0,1,0,0,0
Qt_20952,0,0,1,0,0,0,0,0
Qt_16409,0,0,1,0,0,0,0,0
Qt_16700,1,1,1,1,0,0,0,1
Qt_15427,1,1,1,0,1,0,0,1
Qt_13112,1,1,1,0,0,0,0,1
Qt_14569,1,1,1,1,1,0,0,1
Qt_12179,1,1,1,0,0,0,0,0
Qt_14652,1,1,1,0,0,0,0,0
Qt_13721,0,0,1,0,0,0,0,1
Qt_20680,1,1,1,1,0,0,0,1
Qt_2922,0,0,1,1,0,0,0,0
Qt_1938,0,0,1,1,0,0,0,0
Qt_21460,0,1,1,0,1,0,0,0
Qt_12333,0,0,1,1,0,0,0,0
Qt_13386,1,1,1,1,0,0,0,1
Qt_11488,1,1,1,1,0,0,0,1
Qt_11670,1,1,1,0,0,0,0,1
Qt_16721,0,1,1,1,0,0,0,0
Qt_22118,1,1,1,1,0,0,0,0
Qt_22142,1,1,1,1,0,0,0,1
Qt_24180,1,1,1,1,1,0,0,1
Qt_16818,1,1,1,1,1,0,0,1
Qt_13114,0,0,1,0,0,0,0,0
Qt_7120,0,0,1,0,0,0,0,0
Qt_20669,0,0,1,1,0,0,0,0
Qt_2022,0,0,1,1,0,0,0,0
Qt_633,0,0,1,1,0,0,0,0
Qt_2079,1,1,1,0,1,0,0,0
Qt_5433,0,0,1,1,0,0,0,0
Qt_19387,0,0,1,0,0,0,0,0
Qt_8534,0,0,1,0,0,0,0,0
Qt_4140,0,0,1,1,0,0,0,0
Qt_12473,1,1,1,0,1,0,0,1
Qt_13488,1,1,1,0,1,0,0,1
Qt_13042,1,1,1,0,1,0,0,1
Qt_14894,1,1,1,1,0,0,0,1
Qt_21697,0,0,1,0,0,0,0,0
Qt_8258,0,0,1,0,0,0,0,0
Qt_24277,0,0,1,0,0,0,0,0
Qt_1026,0,0,1,0,0,0,0,0
Qt_4969,0,0,1,0,1,0,0,0
Qt_20163,0,0,1,1,0,0,0,1
Qt_5411,0,0,1,1,0,0,0,0
Qt_5046,0,0,1,1,0,0,0,0
Qt_1205,0,0,1,0,0,0,0,0
Qt_16658,0,0,1,0,0,0,0,0
Qt_20225,0,0,1,1,0,0,0,1
Qt_16689,0,0,1,0,0,0,0,0
Qt_11779,0,0,1,1,0,0,0,0
Qt_19705,1,1,1,0,0,0,0,1
Qt_7652,0,0,1,0,0,0,0,0
Qt_17957,0,0,1,0,0,0,0,0
Qt_336,1,0,1,1,0,0,0,0
Qt_16368,0,0,1,0,0,0,0,0
Qt_8498,0,0,1,0,0,0,0,0
Qt_2469,1,1,1,0,1,0,0,1
Qt_21874,0,0,1,0,0,0,0,0
Qt_24129,0,0,1,0,0,0,0,0
Qt_11638,0,0,1,1,0,0,0,0
Qt_21878,0,0,1,0,0,0,0,0
Qt_4852,0,0,1,0,0,0,0,1
Qt_8320,1,1,1,1,1,0,0,1
Qt_8232,0,0,1,0,0,0,0,0
Qt_3575,0,1,1,1,1,0,0,1
Qt_7426,0,0,1,0,0,0,0,0
Qt_23512,0,0,1,0,0,0,0,0
Qt_398,1,1,1,1,1,0,0,1
Qt_22046,0,0,1,0,0,0,0,0
Qt_10412,0,0,1,0,0,0,0,0
Qt_12740,0,0,1,0,0,0,0,0
Qt_8853,1,0,1,0,1,0,0,0
Qt_9055,1,1,1,1,0,0,0,0
Qt_7686,0,0,1,1,0,0,0,0
Qt_9301,0,0,1,0,0,0,0,0
Qt_5028,1,1,1,0,1,0,0,1
Qt_16609,1,1,1,1,1,0,0,1
Qt_9102,1,0,1,0,0,0,0,0
Qt_11536,0,0,1,0,0,0,0,0
Qt_20668,0,0,1,0,0,0,0,0
Qt_18791,0,0,1,1,0,0,0,0
Qt_6179,1,1,1,1,0,0,0,1
Qt_14745,0,0,1,0,0,0,0,0
Qt_15510,0,0,1,0,1,0,0,1
Qt_26152,0,0,1,0,1,0,0,0
Qt_16556,0,0,1,1,0,0,0,0
Qt_8114,0,0,1,1,0,0,0,0
Qt_19608,0,0,1,0,0,0,0,0
Qt_7298,1,0,1,0,0,0,0,0
Qt_8372,0,0,1,1,0,0,0,0
Qt_6209,0,1,1,0,0,0,0,0
Qt_9976,0,0,1,0,0,0,0,0
Qt_27056,1,1,1,0,0,0,0,0
Qt_20595,1,0,1,1,1,0,0,0
Qt_959,0,0,1,1,0,0,0,0
Qt_23484,0,0,1,0,0,0,0,0
Qt_9237,0,0,1,0,0,0,0,0
Qt_26071,0,0,1,1,0,0,0,0
Qt_3593,0,0,1,1,0,0,0,0
Qt_2964,1,0,1,1,0,0,0,0
Qt_26308,0,0,1,1,0,0,0,0
Qt_4564,1,1,1,1,0,0,0,1
Qt_25386,1,0,1,1,0,0,0,0
Qt_5006,0,0,1,1,0,0,0,0
Qt_8730,0,0,1,1,0,0,0,0
Qt_9191,0,0,1,1,0,0,0,0
Qt_19251,0,0,1,1,0,0,0,0
Qt_25807,0,0,1,1,0,0,0,0
Qt_4707,0,0,1,0,1,0,0,0
Qt_5347,0,0,1,0,0,0,0,0
Qt_7808,1,0,1,0,0,0,0,0
Qt_24929,0,0,1,0,1,0,0,1
Qt_25042,0,0,1,0,0,0,0,0
Qt_5718,0,0,1,1,0,0,0,0
Qt_4253,0,0,1,0,0,0,0,0
Qt_174,0,0,1,1,0,0,0,0
Qt_17019,1,1,1,0,0,0,0,0
Qt_18303,1,1,1,0,0,0,0,1
Qt_7121,0,0,1,1,0,0,0,0
Qt_5666,0,0,1,0,0,0,0,0
Qt_26862,0,0,1,1,0,0,0,0
Qt_12619,0,0,1,0,0,0,0,0
Qt_15867,0,0,1,0,0,0,0,0
Qt_17606,0,1,1,0,0,0,0,0
Qt_23376,0,0,1,0,1,0,0,0
Qt_5949,0,0,1,0,1,0,0,1
Qt_24324,0,0,1,0,0,0,0,0
Qt_12556,0,0,1,1,1,0,0,0
Qt_12062,0,0,1,0,0,0,0,0
Qt_1964,0,0,1,0,0,0,0,0
Qt_23303,0,0,1,1,0,0,0,0
Qt_21866,0,0,1,1,0,0,0,0
Qt_18338,0,0,1,1,0,0,0,0
Qt_13815,0,0,1,1,0,0,0,1
Qt_7385,0,0,1,0,0,0,0,0
Qt_2200,0,0,1,1,0,0,0,0
Qt_3398,1,1,1,0,0,0,0,0
Qt_16634,0,0,1,1,0,0,0,0
Qt_4046,0,1,1,0,0,0,0,0
Qt_22245,0,0,1,0,0,0,0,0
Qt_9308,0,0,1,1,0,0,0,0
Qt_8924,0,0,1,0,0,0,0,0
Qt_6282,0,0,1,0,0,0,0,0
Qt_18375,0,0,1,0,0,0,0,0
Qt_22356,1,1,1,0,0,0,0,1
Qt_21257,0,1,1,1,0,0,0,0
Qt_328,0,0,1,1,0,0,0,0
Qt_4637,1,0,1,1,0,0,0,0
Qt_12808,0,0,1,0,0,0,0,0
Qt_12060,0,0,1,0,0,0,0,0
Qt_429,0,0,1,0,0,0,0,0
Qt_21591,0,0,1,1,0,0,0,0
Qt_15575,0,0,1,1,0,0,0,0
Qt_2478,0,0,1,0,1,0,0,0
Qt_4288,0,0,1,0,0,0,0,0
Qt_26725,0,0,1,0,0,0,0,0
Qt_11366,1,0,1,0,0,0,0,0
Qt_12064,0,0,1,0,0,0,0,0
Qt_5532,0,0,1,1,0,0,0,0
